{
  "Version": "2.0",
  "UnixTimestamp": 1761581693,
  "ControllerType": "Quest 2",
  "LeftSaberPivotPosition": {
    "x": -3.34681463,
    "y": 0.958152235,
    "z": -13.4561825
  },
  "LeftSaberRotationEuler": {
    "x": 12.4421644,
    "y": 3.1028893,
    "z": -0.4644165
  },
  "LeftSaberZOffset": 15.5,
  "LeftSaberHasReference": true,
  "LeftSaberReference": {
    "x": -0.0479417443,
    "y": -0.100798883,
    "z": 0.7698731,
    "w": -0.6283603
  },
  "RightSaberPivotPosition": {
    "x": 3.21242857,
    "y": 0.8124482,
    "z": -13.9136705
  },
  "RightSaberRotationEuler": {
    "x": 18.1281338,
    "y": -5.825531,
    "z": 4.024327
  },
  "RightSaberZOffset": 15.5,
  "RightSaberHasReference": true,
  "RightSaberReference": {
    "x": 0.07376701,
    "y": -0.147752926,
    "z": 0.7123774,
    "w": 0.6820893
  }
}